<CodecList>
    <Encoders>
	<MediaCodec name="OMX.qcom.video.encoder.avc" type="video/avc" >
	  <Quirk name="requires-allocate-on-input-ports" />
	  <Quirk name="requires-allocate-on-output-ports"/>
	  <Quirk name="requires-loaded-to-idle-after-allocation"/>
	</MediaCodec>
        <MediaCodec name="OMX.qcom.video.encoder.mpeg4" type="video/mp4v-es" >
            <Quirk name="requires-allocate-on-input-ports" />
            <Quirk name="requires-allocate-on-output-ports" />
            <Quirk name="requires-loaded-to-idle-after-allocation"/>
        </MediaCodec>
	<MediaCodec name="OMX.google.amrnb.encoder" type="audio/3gpp" />
	<MediaCodec name="AACEncoder" type="audio/mp4a-latm" />
	<MediaCodec name="OMX.google.amrwb.encoder" type="audio/amr-wb" />
</Encoders>
    <Decoders>
	<MediaCodec name="OMX.google.vorbis.decoder" type="audio/vorbis" />
	<MediaCodec name="OMX.google.mp3.decoder" type="audio/mpeg" />
	<MediaCodec name="OMX.google.amrnb.decoder" type="audio/3gpp" />
	<MediaCodec name="OMX.google.amrwb.decoder" type="audio/amr-wb" />
	<MediaCodec name="OMX.google.aac.decoder" type="audio/mp4a-latm" />
	<MediaCodec name="OMX.google.g711.alaw.decoder" type="audio/g711-alaw" />
	<MediaCodec name="OMX.google.g711.mlaw.decoder" type="audio/g711-mlaw" />
        <MediaCodec name="OMX.qcom.video.decoder.avc" type="video/avc" >
            <Quirk name="requires-allocate-on-input-ports" />
            <Quirk name="requires-allocate-on-output-ports" />
            <Quirk name="defers-output-buffer-allocation" />
        </MediaCodec>
        <MediaCodec name="OMX.qcom.video.decoder.mpeg2" type="video/mpeg2" >
            <Quirk name="requires-allocate-on-input-ports" />
            <Quirk name="requires-allocate-on-output-ports" />
            <Quirk name="defers-output-buffer-allocation" />
        </MediaCodec>
        <MediaCodec name="OMX.qcom.video.decoder.mpeg4" type="video/mp4v-es" >
            <Quirk name="requires-allocate-on-input-ports" />
            <Quirk name="requires-allocate-on-output-ports" />
            <Quirk name="defers-output-buffer-allocation" />
        </MediaCodec>
        <MediaCodec name="OMX.qcom.video.decoder.h263" type="video/3gpp" >
            <Quirk name="requires-allocate-on-input-ports" />
            <Quirk name="requires-allocate-on-output-ports" />
            <Quirk name="defers-output-buffer-allocation" />
        </MediaCodec>
        <MediaCodec name="OMX.qcom.video.decoder.vc1" type="video/x-ms-wmv" >
            <Quirk name="requires-allocate-on-input-ports" />
            <Quirk name="requires-allocate-on-output-ports" />
            <Quirk name="defers-output-buffer-allocation" />
        </MediaCodec>
        <MediaCodec name="OMX.qcom.video.decoder.divx" type="video/divx" >
            <Quirk name="requires-allocate-on-input-ports" />
            <Quirk name="requires-allocate-on-output-ports" />
            <Quirk name="defers-output-buffer-allocation" />
        </MediaCodec>
	<MediaCodec name="OMX.google.h264.decoder" type="video/avc" />
	<MediaCodec name="OMX.google.mpeg4.decoder" type="video/mpeg4" />
	<MediaCodec name="OMX.google.mpeg4.decoder" type="video/mp4v-es" />
    </Decoders>
</CodecList>
